outcome,model_name,MAE,RMSE,CRPS
criminal,XGBoost,2.0321341626393408,3.508835152346513,1.4917412930661176
dissident,XGBoost,2.1550796896049205,4.2376956620807,1.6147291622818796
marginalized,XGBoost,2.4953800973177245,6.426573747722372,1.9277127365925526
