outcome,model_name,MAE,RMSE
criminal,XGBoost,2.089273811838764,3.867577084235428
dissident,XGBoost,2.128416198019554,4.5652144082870985
marginalized,XGBoost,2.4857710540971816,6.643757165902684
