outcome,model_name,MAE,RMSE
criminal,XGBoost,2.173494954533629,3.9606498521581988
dissident,XGBoost,2.323694414269548,5.138260715224495
marginalized,XGBoost,2.6754665942532614,6.687424286414909
