outcome,model_name,MAE,RMSE,CRPS
criminal,XGBoost,1.8669588889396258,3.4139120544908423,1.4029970104394793
dissident,XGBoost,1.9911685359259448,4.2082091869557425,1.5509246601427749
marginalized,XGBoost,2.3747205738853236,6.079021535995297,1.8856322661162475
