outcome,model_name,MAE,RMSE,CRPS
criminal,XGBoost,1.886823133480743,3.410141049994986,1.4248266066516126
dissident,XGBoost,1.9574152718627114,3.85131375034829,1.46820378855972
marginalized,XGBoost,2.212711791212709,5.234946448780413,1.7325820324775119
