outcome,model_name,MAE,RMSE,CRPS
criminal,XGBoost,2.0502880265915984,3.5233719498499356,1.4931727712604972
dissident,XGBoost,2.0931882761630534,4.135188614535515,1.5555652718316497
marginalized,XGBoost,2.415257978181556,5.743018563301006,1.8499727730399949
