outcome,model_name,MAE,RMSE,CRPS
criminal,XGBoost,1.8997205252467468,3.5090737610020355,1.4629714696191307
dissident,XGBoost,1.9950109607528246,4.122833973221349,1.5303086479677714
marginalized,XGBoost,2.316675687174424,6.472723923987394,1.8284177252326075
