outcome,model_name,MAE,RMSE,CRPS
criminal,XGBoost,1.8978810315166694,3.4164572949173113,1.4526645474394564
dissident,XGBoost,2.0081871448869073,4.085856403019612,1.5229168034577114
marginalized,XGBoost,2.3155092782579687,6.3535416757773016,1.8140967888393245
